{
  "train_accuracy": 0.9929521276595744,
  "val_accuracy": 0.9929521276595744,
  "trained_at": "2026-07-11T12:17:51.045823",
  "num_features": 40
}