{
  "weights": {
    "active_permits": 0.04120171402796557,
    "permit_overlap_count": 0.0009984331226771564,
    "has_hot_work": 0.034092984490444914,
    "has_confined_space": 0.16044997098526187,
    "has_electrical_isolation": -0.0918787066451053,
    "simops_conflict": 0.04166980513599126,
    "worker_count": -0.016305244425684814,
    "worker_exposure_duration": 0.01879748738257935,
    "maintenance_overdue": 0.03612238393300075,
    "equipment_health_avg": 0.1082902297097914,
    "recent_near_miss_count": -0.03766037844079302,
    "shift_change": -0.009928440451329621,
    "combustible_gas_val": 0.025336409592629488,
    "combustible_gas_avg_30m": -0.023512879899224008,
    "combustible_gas_std_30m": 0.2338350516315201,
    "combustible_gas_slope_30m": 0.23132824330271198,
    "toxic_gas_val": 0.155496340725251,
    "toxic_gas_avg_30m": 0.056250582984011775,
    "toxic_gas_std_30m": 0.22210148475739863,
    "toxic_gas_slope_30m": 0.31988241115865795,
    "oxygen_val": -0.04336560466181432,
    "oxygen_avg_30m": -0.014833450929318918,
    "oxygen_std_30m": 0.11337327279300856,
    "oxygen_slope_30m": -0.0005658828661872193,
    "ventilation_val": 0.034598439300032105,
    "ventilation_avg_30m": 0.06213964529645382,
    "ventilation_std_30m": 0.16740071761003406,
    "ventilation_slope_30m": -0.17725660265626986,
    "pressure_val": -0.0391814433462728,
    "pressure_avg_30m": -0.04470343203598657,
    "pressure_std_30m": 0.1850488229733943,
    "pressure_slope_30m": 0.17905456504773276,
    "vibration_val": 0.07281860113338955,
    "vibration_avg_30m": -0.02099317162631477,
    "vibration_std_30m": 0.2734666537208649,
    "vibration_slope_30m": 0.003928978009042788,
    "temperature_val": -0.03983067619004177,
    "temperature_avg_30m": -0.04461474127184759,
    "temperature_std_30m": 0.09645174169665562,
    "temperature_slope_30m": 0.0947240628279626
  },
  "bias": -0.733873229250335,
  "means": [
    1.2416013437849944,
    0.5365341545352743,
    0.20926651735722285,
    0.2410414333706607,
    0.21514557670772677,
    0.3467245240761478,
    24.949608062709967,
    50.24230123180291,
    169.244960806271,
    94.99670632698768,
    0.07950727883538634,
    0.012178051511758119,
    0.6860984042553192,
    0.6755936450167973,
    0.03955893057110862,
    0.0009749440089585666,
    0.6520428331466965,
    0.6518776595744681,
    0.06441097424412094,
    0.00045212765957446794,
    20.698827407614782,
    20.699503639417692,
    0.011986002239641658,
    -5.893057110862262e-05,
    94.06739753639418,
    94.08044652855543,
    0.12641349384098544,
    -0.0012388017917133259,
    16.676312010078387,
    16.64349650055991,
    0.11087388017917132,
    0.0025165173572228444,
    1.1091689529675253,
    1.1074325307950728,
    0.032357782754759236,
    9.154535274356102e-05,
    108.43090327547593,
    107.99249146136619,
    1.1983731802911535,
    0.03364935610302351
  ],
  "stds": [
    1.142248087928666,
    0.8833460216485084,
    0.406785007184879,
    0.42771539692800165,
    0.4109232988415556,
    0.475927125178127,
    3.8886348259294126,
    23.2555174026539,
    26.416445105860454,
    1.3493232615871105,
    0.27052887359314987,
    0.10968020137260455,
    2.301276909341616,
    2.240406812817552,
    0.29504362499150605,
    0.029215303295796847,
    4.182478411714604,
    4.117748080010524,
    0.9855646064151247,
    0.08862985426875929,
    0.3183353121595963,
    0.3180037124452667,
    0.028758553428990523,
    1.0,
    3.9596338541711247,
    3.8897268386815567,
    0.3621338519487107,
    0.03579863234604936,
    23.4820173543418,
    23.449585732849545,
    0.3563990360082179,
    0.04085381795649703,
    0.5876933718449084,
    0.5733957446113355,
    0.09480921603424339,
    1.0,
    251.48846122764607,
    250.97428358367674,
    6.192423455129225,
    0.7188645259686376
  ],
  "anomaly_means": {
    "active_permits": 1.2322946175637395,
    "permit_overlap_count": 0.5307365439093484,
    "has_hot_work": 0.20580736543909348,
    "has_confined_space": 0.23541076487252124,
    "has_electrical_isolation": 0.2169971671388102,
    "simops_conflict": 0.3430594900849858,
    "worker_count": 24.959206798866855,
    "worker_exposure_duration": 50.18583569405099,
    "maintenance_overdue": 169.20028328611897,
    "equipment_health_avg": 94.9855,
    "recent_near_miss_count": 0.08002832861189801,
    "shift_change": 0.012181303116147308,
    "combustible_gas_val": 0.6628501416430594,
    "combustible_gas_avg_30m": 0.6609582152974504,
    "combustible_gas_std_30m": 0.033289801699716716,
    "combustible_gas_slope_30m": 0.00031784702549575076,
    "toxic_gas_val": 0.6025164305949008,
    "toxic_gas_avg_30m": 0.6193325779036828,
    "toxic_gas_std_30m": 0.053061048158640226,
    "toxic_gas_slope_30m": -0.0008144475920679888,
    "oxygen_val": 20.700279461756374,
    "oxygen_avg_30m": 20.70047181303116,
    "oxygen_std_30m": 0.011727195467422095,
    "oxygen_slope_30m": -2.3512747875354105e-05,
    "ventilation_val": 94.08564008498583,
    "ventilation_avg_30m": 94.08866841359773,
    "ventilation_std_30m": 0.11983257790368272,
    "ventilation_slope_30m": -0.0004909348441926346,
    "pressure_val": 16.688287252124645,
    "pressure_avg_30m": 16.680715722379603,
    "pressure_std_30m": 0.09447847025495751,
    "pressure_slope_30m": 0.0006008498583569405,
    "vibration_val": 1.1055018413597733,
    "vibration_avg_30m": 1.105686968838527,
    "vibration_std_30m": 0.031187393767705383,
    "vibration_slope_30m": -5.623229461756375e-05,
    "temperature_val": 108.46453116147309,
    "temperature_avg_30m": 108.35239660056658,
    "temperature_std_30m": 0.9910992917847026,
    "temperature_slope_30m": 0.009139235127478752
  },
  "anomaly_stds": {
    "active_permits": 1.1414813710989462,
    "permit_overlap_count": 0.8813723983246613,
    "has_hot_work": 0.40429035824529985,
    "has_confined_space": 0.42425527298391447,
    "has_electrical_isolation": 0.41220067514809033,
    "simops_conflict": 0.47473116218299316,
    "worker_count": 3.90268033771971,
    "worker_exposure_duration": 23.2397535482092,
    "maintenance_overdue": 26.365723734078152,
    "equipment_health_avg": 1.3494437913577548,
    "recent_near_miss_count": 0.2713370509743999,
    "shift_change": 0.10969466245237208,
    "combustible_gas_val": 2.259333720114315,
    "combustible_gas_avg_30m": 2.222615789808013,
    "combustible_gas_std_30m": 0.27291290755195013,
    "combustible_gas_slope_30m": 0.026799784234667962,
    "toxic_gas_val": 4.084720030161291,
    "toxic_gas_avg_30m": 4.075244316162827,
    "toxic_gas_std_30m": 0.9693523084158803,
    "toxic_gas_slope_30m": 0.0862369511632995,
    "oxygen_val": 0.3176221969622239,
    "oxygen_avg_30m": 0.31766372134232274,
    "oxygen_std_30m": 0.02811660407503902,
    "oxygen_slope_30m": 0.0027526473706757128,
    "ventilation_val": 3.926528470376406,
    "ventilation_avg_30m": 3.879090043933711,
    "ventilation_std_30m": 0.3416714858814812,
    "ventilation_slope_30m": 0.0329825484368985,
    "pressure_val": 23.58527842382583,
    "pressure_avg_30m": 23.566232245619055,
    "pressure_std_30m": 0.18377388485473226,
    "pressure_slope_30m": 0.021121546250017345,
    "vibration_val": 0.5719768776621821,
    "vibration_avg_30m": 0.5665164540091047,
    "vibration_std_30m": 0.0896695452657426,
    "vibration_slope_30m": 0.009037682176246505,
    "temperature_val": 252.43931418965164,
    "temperature_avg_30m": 252.15353335936217,
    "temperature_std_30m": 4.8313367577776365,
    "temperature_slope_30m": 0.5616967955255435
  },
  "decision_threshold": 0.8
}