{
  "weights": {
    "active_permits": 0.4089331172160842,
    "permit_overlap_count": -0.025670148064085112,
    "has_hot_work": 0.7922720982245255,
    "has_confined_space": 1.111811143089333,
    "has_electrical_isolation": -0.23922215026785648,
    "simops_conflict": -0.30626512521256305,
    "worker_count": 0.008633428720965602,
    "worker_exposure_duration": -0.1211783330155022,
    "maintenance_overdue": -0.6363986724956607,
    "equipment_health_avg": 0.7904597966263964,
    "recent_near_miss_count": 1.5936133254443263,
    "shift_change": -0.10477159725799255,
    "combustible_gas_val": 0.13412595609789296,
    "combustible_gas_avg_30m": -0.029179473350930428,
    "combustible_gas_std_30m": 0.16487282097050213,
    "combustible_gas_slope_30m": 0.6550617628973358,
    "toxic_gas_val": 1.0142689052310079,
    "toxic_gas_avg_30m": 0.8286940381076254,
    "toxic_gas_std_30m": 0.4701308024019909,
    "toxic_gas_slope_30m": 1.2543936771442683,
    "oxygen_val": 0.025918407910594396,
    "oxygen_avg_30m": 0.041953027838303986,
    "oxygen_std_30m": 0.3136997988046936,
    "oxygen_slope_30m": 0.000492568983907631,
    "ventilation_val": -0.3240537845998826,
    "ventilation_avg_30m": -0.1095708087794641,
    "ventilation_std_30m": 1.250248882230425,
    "ventilation_slope_30m": -1.2513766689871018,
    "pressure_val": -0.2808365387042866,
    "pressure_avg_30m": -0.2974276263741293,
    "pressure_std_30m": 0.551184306495726,
    "pressure_slope_30m": 0.4036084918877324,
    "vibration_val": 0.6423751797822521,
    "vibration_avg_30m": 0.00013745169898877812,
    "vibration_std_30m": 0.03214293903561808,
    "vibration_slope_30m": 0.03051072517912461,
    "temperature_val": -0.2379027150817015,
    "temperature_avg_30m": -0.24922462969229028,
    "temperature_std_30m": 0.09397456513969171,
    "temperature_slope_30m": 0.04698013402143523
  },
  "bias": -5.979344735093804,
  "means": [
    1.2625,
    0.5530585106382979,
    0.2204787234042553,
    0.2559840425531915,
    0.211968085106383,
    0.3547872340425532,
    24.89654255319149,
    50.41329787234042,
    169.0373670212766,
    95.01247739361702,
    0.029122340425531915,
    0.011569148936170212,
    0.7391675531914893,
    0.7259059840425532,
    0.04184388297872341,
    0.0010746010638297873,
    0.9861477393617022,
    0.9437175531914894,
    0.05566928191489361,
    0.0035670212765957442,
    20.74013364361702,
    20.741662765957447,
    0.011857845744680852,
    -0.00012446808510638296,
    94.39982646276594,
    94.41823430851063,
    0.1359252659574468,
    -0.0014422872340425531,
    14.01256329787234,
    13.988935372340425,
    0.0902720744680851,
    0.0019566489361702126,
    1.2608660904255318,
    1.2603073138297873,
    0.03234906914893617,
    6.170212765957447e-05,
    84.1916454787234,
    83.88505385638298,
    0.9543706117021277,
    0.024383776595744682
  ],
  "stds": [
    1.1547672349964198,
    0.8977535241888647,
    0.41456948263262844,
    0.4364128922377492,
    0.40870235624806,
    0.47844879830864634,
    3.8309960322679864,
    23.28960670800174,
    26.283272985153577,
    1.3519754236048453,
    0.16814942674202413,
    0.10693597958153712,
    2.917125212277796,
    2.831064027205037,
    0.3409373852006783,
    0.03396760258108905,
    6.21439939277164,
    5.895510212613689,
    0.6395779599254157,
    0.06089861672309792,
    0.4133865023890702,
    0.4062015605776937,
    0.019834156269769886,
    1.0,
    4.6370033226678515,
    4.505855486923176,
    0.4708469923016433,
    0.04699143334198818,
    20.345859775073425,
    20.302258262775343,
    0.2349226726940092,
    0.027762614220293434,
    0.6753550776231844,
    0.6648840445215044,
    0.0944764891764731,
    1.0,
    225.92228575108825,
    225.33101344182128,
    4.9740598565354,
    0.5808139790392786
  ],
  "anomaly_means": {
    "active_permits": 1.1902736424216644,
    "permit_overlap_count": 0.500070891819084,
    "has_hot_work": 0.19481071884304552,
    "has_confined_space": 0.2216078264568269,
    "has_electrical_isolation": 0.21692896639727777,
    "simops_conflict": 0.33446760243867857,
    "worker_count": 24.935913795547993,
    "worker_exposure_duration": 50.43343258188005,
    "maintenance_overdue": 168.53679285410465,
    "equipment_health_avg": 94.95784205302708,
    "recent_near_miss_count": 0.0,
    "shift_change": 0.011768041967956899,
    "combustible_gas_val": 0.4134464766765915,
    "combustible_gas_avg_30m": 0.4215435984687367,
    "combustible_gas_std_30m": 0.029066496526300865,
    "combustible_gas_slope_30m": -0.000618602013327662,
    "toxic_gas_val": 0.29997802353608394,
    "toxic_gas_avg_30m": 0.31338083085211965,
    "toxic_gas_std_30m": 0.019251382390472138,
    "toxic_gas_slope_30m": -0.0008290089323692045,
    "oxygen_val": 20.763961009499504,
    "oxygen_avg_30m": 20.763498085920883,
    "oxygen_std_30m": 0.010720686232808734,
    "oxygen_slope_30m": 2.7789593080958457e-05,
    "ventilation_val": 94.89856231390898,
    "ventilation_avg_30m": 94.88348603431163,
    "ventilation_std_30m": 0.11666000283567277,
    "ventilation_slope_30m": 0.0012200482064369772,
    "pressure_val": 14.0123127747058,
    "pressure_avg_30m": 14.01610137530129,
    "pressure_std_30m": 0.07428441797816532,
    "pressure_slope_30m": -0.00020402665532397561,
    "vibration_val": 1.2080019849709345,
    "vibration_avg_30m": 1.2111782220331775,
    "vibration_std_30m": 0.030751878633205727,
    "vibration_slope_30m": -0.00023663689210265136,
    "temperature_val": 84.29929547710194,
    "temperature_avg_30m": 84.29163533248263,
    "temperature_std_30m": 0.7931576634056431,
    "temperature_slope_30m": 0.0007436551821919749
  },
  "anomaly_stds": {
    "active_permits": 1.1138668620360335,
    "permit_overlap_count": 0.8467793686080537,
    "has_hot_work": 0.3960549238008554,
    "has_confined_space": 0.4153285418917267,
    "has_electrical_isolation": 0.41215384255771104,
    "simops_conflict": 0.47180401159549357,
    "worker_count": 3.909819842432874,
    "worker_exposure_duration": 23.30238168091418,
    "maintenance_overdue": 25.852705018308967,
    "equipment_health_avg": 1.3562332928572205,
    "recent_near_miss_count": 1.0,
    "shift_change": 0.10784041522637652,
    "combustible_gas_val": 1.2625672101576098,
    "combustible_gas_avg_30m": 1.3234316714097205,
    "combustible_gas_std_30m": 0.33874393715194323,
    "combustible_gas_slope_30m": 0.03303462224324632,
    "toxic_gas_val": 0.32595161591648275,
    "toxic_gas_avg_30m": 0.941783958001307,
    "toxic_gas_std_30m": 0.5868239174771365,
    "toxic_gas_slope_30m": 0.05171238965779052,
    "oxygen_val": 0.3431469409646259,
    "oxygen_avg_30m": 0.344374026173228,
    "oxygen_std_30m": 0.017798674639564773,
    "oxygen_slope_30m": 0.0018745027504457365,
    "ventilation_val": 1.9734571070417932,
    "ventilation_avg_30m": 2.081170228409782,
    "ventilation_std_30m": 0.4655752631236009,
    "ventilation_slope_30m": 0.0447875975399969,
    "pressure_val": 20.52310829346374,
    "pressure_avg_30m": 20.53224346461278,
    "pressure_std_30m": 0.12226066238660135,
    "pressure_slope_30m": 0.013567604125335742,
    "vibration_val": 0.4702653178346438,
    "vibration_avg_30m": 0.4872571852511659,
    "vibration_std_30m": 0.09506222322736592,
    "vibration_slope_30m": 0.009349144410533005,
    "temperature_val": 228.306899592611,
    "temperature_avg_30m": 228.25595881701622,
    "temperature_std_30m": 4.587640318708901,
    "temperature_slope_30m": 0.531689255235415
  }
}